{
  "project_info": {
    "project_number": "496591409703",
    "firebase_url": "https://triviab-f00c3-default-rtdb.firebaseio.com",
    "project_id": "triviab-f00c3",
    "storage_bucket": "triviab-f00c3.firebasestorage.app"
  },
  "client": [
    {
      "client_info": {
        "mobilesdk_app_id": "1:496591409703:android:90e8e313561247c12b3402",
        "android_client_info": {
          "package_name": "com.example.triviab"
        }
      },
      "oauth_client": [],
      "api_key": [
        {
          "current_key": "AIzaSyA9KmnMvWY7dkFRtelvWOXgtSp1cjAUdT0"
        }
      ],
      "services": {
        "appinvite_service": {
          "other_platform_oauth_client": []
        }
      }
    }
  ],
  "configuration_version": "1"
}