{
  "project_info": {
    "project_number": "466346410319",
    "project_id": "triviab-b3684",
    "storage_bucket": "triviab-b3684.firebasestorage.app"
  },
  "client": [
    {
      "client_info": {
        "mobilesdk_app_id": "1:466346410319:android:bde96056fd81509782853a",
        "android_client_info": {
          "package_name": "com.example.triviab"
        }
      },
      "oauth_client": [],
      "api_key": [
        {
          "current_key": "AIzaSyDV6beLAJrWclQPb7y05HObW2lbHQcP31c"
        }
      ],
      "services": {
        "appinvite_service": {
          "other_platform_oauth_client": []
        }
      }
    }
  ],
  "configuration_version": "1"
}